strike,ltp_CE,ltp_PE,ltp_prev_CE,ltp_prev_PE,oi_CE,oi_PE,oi_change_CE,oi_change_PE,price_change_CE,price_change_PE,oi_diff,total_oi,distance,magnet_score,oi_diff_strike,symbol
12000,,0.0,,0.0,,4.333333333333333,,0.0,,0.0,,,13175.0,,,NIFTY
13000,,1.3,,0.0,,367.6666666666667,,-1.0,,1.3,,,12175.0,,,NIFTY
14000,,0.0,,0.0,,20.333333333333332,,0.0,,0.0,,,11175.0,,,NIFTY
15000,,2.0,,0.0,,227.33333333333334,,-1.0,,2.0,,,10175.0,,,NIFTY
16000,0.0,1.05,0.0,0.0,4.666666666666667,221.66666666666666,0.0,-12.0,0.0,1.05,-217.0,226.33333333333331,9175.0,0.024665794827085148,,NIFTY
16500,,0.0,,0.0,,73.33333333333333,,0.0,,0.0,,,8675.0,,,NIFTY
17000,9258.0,1.45,0.0,0.0,1472.0,1752.6666666666667,-1.0,-5.0,9258.0,1.45,-280.66666666666674,3224.666666666667,8175.0,0.39440639269406397,,NIFTY
18000,8350.0,1.85,0.0,0.0,739.3333333333334,1872.6666666666667,-13.0,-6.0,8350.0,1.85,-1133.3333333333335,2612.0,7175.0,0.36399108138238573,612.666666666667,NIFTY
19000,7250.0,2.25,0.0,0.0,128.66666666666666,4602.0,0.0,-62.0,7250.0,2.25,-4473.333333333333,4730.666666666667,6175.0,0.7659758203799655,2118.666666666667,NIFTY
19500,6800.0,,0.0,,14.333333333333334,,0.0,,6800.0,,,,5675.0,,,NIFTY
20000,6325.0,2.55,0.0,0.0,4687.0,8370.666666666666,-25.0,-111.0,6325.0,2.55,-3683.666666666666,13057.666666666666,5175.0,2.522733127253993,,NIFTY
21000,5300.0,2.95,0.0,0.0,5076.666666666667,17748.666666666668,-7.0,-163.0,5300.0,2.95,-12672.0,22825.333333333336,4175.0,5.465836526181354,9767.66666666667,NIFTY
22000,4329.85,4.3,0.0,0.0,5825.666666666667,19159.333333333332,-29.0,-213.0,4329.85,4.3,-13333.666666666664,24985.0,3175.0,7.866813602015113,2159.6666666666642,NIFTY
22850,3459.35,3.95,0.0,0.0,11.0,1119.0,0.0,-12.0,3459.35,3.95,-1108.0,1130.0,2325.0,0.4858125537403267,23855.0,NIFTY
22900,0.0,4.3,0.0,0.0,84.0,1887.0,0.0,-12.0,0.0,4.3,-1803.0,1971.0,2275.0,0.8659929701230229,841.0,NIFTY
22950,0.0,5.4,0.0,0.0,25.0,977.0,0.0,0.0,0.0,5.4,-952.0,1002.0,2225.0,0.4501347708894879,969.0,NIFTY
23000,3326.0,5.85,0.0,0.0,10156.333333333334,35610.0,-96.0,-987.6666666666666,3326.0,5.85,-25453.666666666664,45766.333333333336,2175.0,21.03232230392157,44764.333333333336,NIFTY
23050,3256.5,5.85,0.0,0.0,1.0,938.0,0.0,0.0,3256.5,5.85,-937.0,939.0,2125.0,0.4416745061147695,44827.333333333336,NIFTY
23100,3209.75,6.05,0.0,0.0,0.0,1328.0,0.0,-118.0,3209.75,6.05,-1328.0,1328.0,2075.0,0.6396917148362236,389.0,NIFTY
23150,3164.45,5.6,0.0,0.0,148.0,889.0,0.0,0.0,3164.45,5.6,-741.0,1037.0,2025.0,0.5118460019743336,291.0,NIFTY
23200,0.0,6.0,0.0,0.0,6.0,1126.0,0.0,-31.0,0.0,6.0,-1120.0,1132.0,1975.0,0.5728744939271255,95.0,NIFTY
23250,3059.95,5.75,0.0,0.0,0.0,75.0,0.0,0.0,3059.95,5.75,-75.0,75.0,1925.0,0.03894080996884735,1057.0,NIFTY
23300,2975.0,5.8,0.0,0.0,63.0,249.0,0.0,4.0,2975.0,5.8,-186.0,312.0,1875.0,0.16631130063965885,237.0,NIFTY
23350,2929.55,5.15,0.0,0.0,1.0,26.0,0.0,-57.0,2929.55,5.15,-25.0,27.0,1825.0,0.014786418400876232,285.0,NIFTY
23400,2909.25,6.6,0.0,0.0,0.0,296.0,0.0,-30.0,2909.25,6.6,-296.0,296.0,1775.0,0.16666666666666666,269.0,NIFTY
23450,2856.6,5.5,0.0,0.0,19.0,32.0,0.0,0.0,2856.6,5.5,-13.0,51.0,1725.0,0.02954808806488992,245.0,NIFTY
23500,2787.55,6.85,0.0,0.0,2531.0,15057.0,4.0,842.0,2787.55,6.85,-12526.0,17588.0,1675.0,10.494033412887829,17537.0,NIFTY
23550,2731.65,6.25,0.0,0.0,1.0,47.0,0.0,-55.0,2731.65,6.25,-46.0,48.0,1625.0,0.02952029520295203,17540.0,NIFTY
23600,2716.4,7.3,0.0,0.0,34.0,545.0,1.0,191.0,2716.4,7.3,-511.0,579.0,1575.0,0.36738578680203043,531.0,NIFTY
23650,0.0,0.0,0.0,0.0,0.0,87.0,0.0,0.0,0.0,0.0,-87.0,87.0,1525.0,0.05701179554390563,492.0,NIFTY
23700,2616.05,6.8,0.0,0.0,44.0,1065.0,0.0,116.0,2616.05,6.8,-1021.0,1109.0,1475.0,0.7513550135501355,1022.0,NIFTY
23750,0.0,0.75,0.0,0.0,9.0,43225.0,0.0,20386.0,0.0,0.75,-43216.0,43234.0,1425.0,30.31837307152875,42125.0,NIFTY
23800,0.0,0.75,0.0,0.0,7.0,34598.0,0.0,14732.0,0.0,0.75,-34591.0,34605.0,1375.0,25.148982558139537,8629.0,NIFTY
23850,0.0,0.8,0.0,0.0,2.0,2665.0,0.0,1038.0,0.0,0.8,-2663.0,2667.0,1325.0,2.01131221719457,31938.0,NIFTY
23900,0.0,0.85,0.0,0.0,1.0,5058.0,0.0,-1604.0,0.0,0.85,-5057.0,5059.0,1275.0,3.9647335423197494,2392.0,NIFTY
23950,2182.45,0.9,0.0,0.0,1.0,3311.0,-1.0,1347.0,2182.45,0.9,-3310.0,3312.0,1225.0,2.701468189233279,1747.0,NIFTY
24000,2208.75,0.85,0.0,0.0,1039.0,51490.0,-140.0,13221.0,2208.75,0.85,-50451.0,52529.0,1175.0,44.66751700680272,49217.0,NIFTY
24050,0.0,0.95,0.0,0.0,4.0,2209.0,0.0,465.0,0.0,0.95,-2205.0,2213.0,1125.0,1.9653641207815276,50316.0,NIFTY
24100,0.0,1.05,0.0,0.0,1.0,4477.0,0.0,653.0,0.0,1.05,-4476.0,4478.0,1075.0,4.161710037174721,2265.0,NIFTY
24150,0.0,1.05,0.0,0.0,1.0,4577.0,0.0,2689.0,0.0,1.05,-4576.0,4578.0,1025.0,4.461988304093567,100.0,NIFTY
24200,0.0,1.15,0.0,0.0,4.0,12937.0,0.0,9077.0,0.0,1.15,-12933.0,12941.0,975.0,13.25922131147541,8363.0,NIFTY
24250,0.0,1.15,0.0,0.0,2.0,2549.0,0.0,1358.0,0.0,1.15,-2547.0,2551.0,925.0,2.7548596112311015,10390.0,NIFTY
24300,1860.0,1.2,0.0,0.0,17.0,8110.0,0.0,3241.0,1860.0,1.2,-8093.0,8127.0,875.0,9.277397260273972,5576.0,NIFTY
24350,0.0,1.2,0.0,0.0,2.0,2380.0,0.0,272.0,0.0,1.2,-2378.0,2382.0,825.0,2.883777239709443,5745.0,NIFTY
24400,0.0,1.1,0.0,0.0,37.0,4684.0,0.0,-4516.0,0.0,1.1,-4647.0,4721.0,775.0,6.083762886597938,2339.0,NIFTY
24450,0.0,1.3,0.0,0.0,11.0,2439.0,0.0,522.0,0.0,1.3,-2428.0,2450.0,725.0,3.37465564738292,2271.0,NIFTY
24500,1705.05,1.3,0.0,0.0,229.0,55931.0,-13.0,13799.0,1705.05,1.3,-55702.0,56160.0,675.0,83.07692307692308,53710.0,NIFTY
24550,1535.65,1.35,0.0,0.0,5.0,4540.0,0.0,2280.0,1535.65,1.35,-4535.0,4545.0,625.0,7.26038338658147,51615.0,NIFTY
24600,1605.0,1.4,0.0,0.0,36.0,11198.0,0.0,4902.0,1605.0,1.4,-11162.0,11234.0,575.0,19.50347222222222,6689.0,NIFTY
24650,1504.85,1.4,0.0,0.0,29.0,6116.0,0.0,3567.0,1504.85,1.4,-6087.0,6145.0,525.0,11.682509505703422,5089.0,NIFTY
24700,1505.45,1.6,0.0,0.0,51.0,23220.0,-17.0,3417.0,1505.45,1.6,-23169.0,23271.0,475.0,48.88865546218487,17126.0,NIFTY
24750,1413.2,1.55,0.0,0.0,8.0,8191.0,2.0,1817.0,1413.2,1.55,-8183.0,8199.0,425.0,19.246478873239436,15072.0,NIFTY
24800,1409.4,1.7,0.0,0.0,60.0,37033.0,0.0,-2067.0,1409.4,1.7,-36973.0,37093.0,375.0,98.65159574468085,28894.0,NIFTY
24850,1315.0,1.75,0.0,0.0,15.0,5635.0,0.0,1712.0,1315.0,1.75,-5620.0,5650.0,325.0,17.33128834355828,31443.0,NIFTY
24900,1256.0,1.9,0.0,0.0,91.0,22487.0,0.0,-1689.0,1256.0,1.9,-22396.0,22578.0,275.0,81.80434782608695,16928.0,NIFTY
24950,0.0,1.75,0.0,0.0,5.0,10204.0,0.0,3505.0,0.0,1.75,-10199.0,10209.0,225.0,45.17256637168141,12369.0,NIFTY
25000,1207.6,1.95,0.0,0.0,784.0,117130.0,-129.0,18970.0,1207.6,1.95,-116346.0,117914.0,175.0,669.9659090909091,107705.0,NIFTY
25050,1173.0,1.75,0.0,0.0,62.0,15036.0,11.0,6539.0,1173.0,1.75,-14974.0,15098.0,125.0,119.82539682539682,102816.0,NIFTY
25100,1106.6,2.15,0.0,0.0,836.0,55352.0,-44.0,21702.0,1106.6,2.15,-54516.0,56188.0,75.0,739.3157894736842,41090.0,NIFTY
25150,1071.45,2.1,0.0,0.0,22.0,14905.0,12.0,-2021.0,1071.45,2.1,-14883.0,14927.0,25.0,574.1153846153846,41261.0,NIFTY
25200,1009.5,2.15,0.0,0.0,646.0,74459.0,-9.0,20345.0,1009.5,2.15,-73813.0,75105.0,25.0,2888.653846153846,60178.0,NIFTY
25250,956.05,2.45,0.0,0.0,123.0,18793.0,49.0,4271.0,956.05,2.45,-18670.0,18916.0,75.0,248.89473684210526,56189.0,NIFTY
25300,909.25,2.45,0.0,0.0,585.0,74749.0,15.0,26194.0,909.25,2.45,-74164.0,75334.0,125.0,597.8888888888889,56418.0,NIFTY
25350,860.05,2.55,0.0,0.0,166.0,23992.0,61.0,7485.0,860.05,2.55,-23826.0,24158.0,175.0,137.26136363636363,51176.0,NIFTY
25400,807.85,2.6,0.0,0.0,800.0,87165.0,-28.0,25633.0,807.85,2.6,-86365.0,87965.0,225.0,389.22566371681415,63807.0,NIFTY
25450,760.2,2.8,0.0,0.0,308.0,20912.0,82.0,-970.0,760.2,2.8,-20604.0,21220.0,275.0,76.8840579710145,66745.0,NIFTY
25500,705.1,2.9,0.0,0.0,2349.0,129125.0,-630.0,7126.0,705.1,2.9,-126776.0,131474.0,325.0,403.29447852760734,110254.0,NIFTY
25550,656.75,3.15,0.0,0.0,379.0,23049.0,76.0,-2252.0,656.75,3.15,-22670.0,23428.0,375.0,62.308510638297875,108046.0,NIFTY
25600,606.25,3.35,0.0,0.0,1433.0,80812.0,-87.0,-7433.0,606.25,3.35,-79379.0,82245.0,425.0,193.06338028169014,58817.0,NIFTY
25650,558.0,3.75,0.0,0.0,779.0,33710.0,270.0,-1637.0,558.0,3.75,-32931.0,34489.0,475.0,72.45588235294117,47756.0,NIFTY
25700,509.6,4.2,0.0,0.0,3088.0,91812.0,-664.0,-1335.0,509.6,4.2,-88724.0,94900.0,525.0,180.41825095057035,60411.0,NIFTY
25750,458.35,4.85,0.0,0.0,848.0,74155.0,-168.0,24773.0,458.35,4.85,-73307.0,75003.0,575.0,130.21354166666666,19897.0,NIFTY
25800,410.25,5.6,0.0,0.0,5269.0,132247.0,-4808.0,45845.0,410.25,5.6,-126978.0,137516.0,625.0,219.6741214057508,62513.0,NIFTY
25850,361.45,7.15,0.0,0.0,1872.0,68669.0,-2346.0,17551.0,361.45,7.15,-66797.0,70541.0,675.0,104.35059171597634,66975.0,NIFTY
25900,312.0,9.55,0.0,0.0,11708.0,144697.0,-12256.0,41725.0,312.0,9.55,-132989.0,156405.0,725.0,215.43388429752065,85864.0,NIFTY
25950,266.55,12.9,0.0,0.0,10338.0,102706.0,-11625.0,44245.0,266.55,12.9,-92368.0,113044.0,775.0,145.67525773195877,43361.0,NIFTY
26000,222.35,18.2,0.0,0.0,54914.0,231099.0,-65053.0,98435.0,222.35,18.2,-176185.0,286013.0,825.0,346.26271186440675,172969.0,NIFTY
26050,179.45,26.15,0.0,0.0,18225.0,115781.0,-43411.0,70391.0,179.45,26.15,-97556.0,134006.0,875.0,152.97488584474885,152007.0,NIFTY
26100,141.65,37.85,0.0,0.0,65063.0,144181.0,-63844.0,85732.0,141.65,37.85,-79118.0,209244.0,925.0,225.96544276457882,75238.0,NIFTY
26150,107.55,53.55,0.0,0.0,55729.0,67875.0,-1000.0,56063.0,107.55,53.55,-12146.0,123604.0,975.0,126.64344262295081,85640.0,NIFTY
26200,78.25,74.45,0.0,0.0,140003.0,97556.0,21213.0,66616.0,78.25,74.45,42447.0,237559.0,1025.0,231.53898635477583,113955.0,NIFTY
26250,54.85,100.0,0.0,0.0,64259.0,18271.0,18593.0,11596.0,54.85,100.0,45988.0,82530.0,1075.0,76.70074349442379,155029.0,NIFTY
26300,36.05,131.55,0.0,0.0,114993.0,25714.0,386.0,13493.0,36.05,131.55,89279.0,140707.0,1125.0,124.96181172291297,58177.0,NIFTY
26350,22.7,167.95,0.0,0.0,70825.0,7222.0,20732.0,5023.0,22.7,167.95,63603.0,78047.0,1175.0,66.36649659863946,62660.0,NIFTY
26400,13.5,209.65,0.0,0.0,143056.0,11962.0,49414.0,2216.0,13.5,209.65,131094.0,155018.0,1225.0,126.442088091354,76971.0,NIFTY
26450,8.2,254.25,0.0,0.0,66574.0,2746.0,25073.0,1761.0,8.2,254.25,63828.0,69320.0,1275.0,54.32601880877743,85698.0,NIFTY
26500,5.5,301.0,0.0,0.0,152857.0,7447.0,-2430.0,254.0,5.5,301.0,145410.0,160304.0,1325.0,120.89291101055807,90984.0,NIFTY
26550,3.5,348.75,0.0,0.0,54174.0,493.0,19752.0,174.0,3.5,348.75,53681.0,54667.0,1375.0,39.72892441860465,105637.0,NIFTY
26600,2.6,396.4,0.0,0.0,88513.0,1263.0,22440.0,-64.0,2.6,396.4,87250.0,89776.0,1425.0,62.95652173913044,35109.0,NIFTY
26650,2.05,447.9,0.0,0.0,26894.0,318.0,-3943.0,131.0,2.05,447.9,26576.0,27212.0,1475.0,18.43631436314363,62564.0,NIFTY
26700,1.7,494.95,0.0,0.0,89646.0,792.0,14932.0,-243.0,1.7,494.95,88854.0,90438.0,1525.0,59.26474442988204,63226.0,NIFTY
26750,1.5,546.2,0.0,0.0,23840.0,249.0,7107.0,-10.0,1.5,546.2,23591.0,24089.0,1575.0,15.28489847715736,66349.0,NIFTY
26800,1.4,596.3,0.0,0.0,83800.0,586.0,5007.0,-749.0,1.4,596.3,83214.0,84386.0,1625.0,51.89790897908979,60297.0,NIFTY
26850,1.15,644.1,0.0,0.0,22705.0,121.0,3206.0,-34.0,1.15,644.1,22584.0,22826.0,1675.0,13.619331742243437,61560.0,NIFTY
26900,1.15,696.05,0.0,0.0,42130.0,244.0,1721.0,26.0,1.15,696.05,41886.0,42374.0,1725.0,24.55040556199305,19548.0,NIFTY
26950,1.0,743.6,0.0,0.0,14054.0,34.0,4856.0,-57.0,1.0,743.6,14020.0,14088.0,1775.0,7.9324324324324325,28286.0,NIFTY
27000,0.95,795.0,0.0,0.0,150559.0,1643.0,-12930.0,-226.0,0.95,795.0,148916.0,152202.0,1825.0,83.3526834611172,138114.0,NIFTY
27050,0.95,843.3,0.0,0.0,12934.0,8.0,-130.0,2.0,0.95,843.3,12926.0,12942.0,1875.0,6.898720682302772,139260.0,NIFTY
27100,0.9,942.25,0.0,0.0,53197.0,53.0,-3488.0,2.0,0.9,942.25,53144.0,53250.0,1925.0,27.64797507788162,40308.0,NIFTY
27150,0.8,941.2,0.0,0.0,13429.0,56.0,-214.0,37.0,0.8,941.2,13373.0,13485.0,1975.0,6.824392712550607,39765.0,NIFTY
27200,0.75,995.0,0.0,0.0,70536.0,120.0,-1702.0,-4.0,0.75,995.0,70416.0,70656.0,2025.0,34.8746298124383,57171.0,NIFTY
27250,0.8,1068.35,0.0,0.0,11257.0,11.0,904.0,0.0,0.8,1068.35,11246.0,11268.0,2075.0,5.427745664739884,59388.0,NIFTY
27300,0.75,1087.95,0.0,0.0,53352.0,11.0,-119.0,1.0,0.75,1087.95,53341.0,53363.0,2125.0,25.10018814675447,42095.0,NIFTY
27350,0.7,1176.45,0.0,0.0,8865.0,110.0,746.0,-1.0,0.7,1176.45,8755.0,8975.0,2175.0,4.124540441176471,44388.0,NIFTY
27400,0.7,0.0,0.0,0.0,40743.0,2.0,261.0,0.0,0.7,0.0,40741.0,40745.0,2225.0,18.304132973944295,31770.0,NIFTY
27450,0.65,0.0,0.0,0.0,6094.0,0.0,605.0,0.0,0.65,0.0,6094.0,6094.0,2275.0,2.677504393673111,34651.0,NIFTY
27500,0.6,1295.0,0.0,0.0,98307.0,142.0,4966.0,15.0,0.6,1295.0,98165.0,98449.0,2325.0,42.32545141874463,92355.0,NIFTY
27550,0.6,0.0,0.0,0.0,3481.0,1.0,83.0,0.0,0.6,0.0,3480.0,3482.0,2375.0,1.4654882154882154,94967.0,NIFTY
27600,0.6,1376.15,0.0,0.0,23706.0,5.0,843.0,0.0,0.6,1376.15,23701.0,23711.0,2425.0,9.773701566364386,20229.0,NIFTY
27650,0.6,0.0,0.0,0.0,1910.0,0.0,-242.0,0.0,0.6,0.0,1910.0,1910.0,2475.0,0.77140549273021,21801.0,NIFTY
27700,0.55,0.0,0.0,0.0,19750.0,1.0,-1474.0,0.0,0.55,0.0,19749.0,19751.0,2525.0,7.819081551860649,17841.0,NIFTY
27750,0.55,0.0,0.0,0.0,4206.0,0.0,155.0,0.0,0.55,0.0,4206.0,4206.0,2575.0,1.6327639751552796,15545.0,NIFTY
27800,0.5,0.0,0.0,0.0,26613.0,1.0,-2164.0,0.0,0.5,0.0,26612.0,26614.0,2625.0,10.134805788271136,22408.0,NIFTY
27850,0.5,0.0,0.0,0.0,3469.0,1.0,-100.0,0.0,0.5,0.0,3468.0,3470.0,2675.0,1.296711509715994,23144.0,NIFTY
27900,0.5,0.0,0.0,0.0,20583.0,1.0,-1851.0,0.0,0.5,0.0,20582.0,20584.0,2725.0,7.550990462215701,17114.0,NIFTY
27950,0.5,0.0,0.0,0.0,27909.0,0.0,9992.0,0.0,0.5,0.0,27909.0,27909.0,2775.0,10.053674351585014,7325.0,NIFTY
28000,4.75,1654.9,0.0,0.0,47354.0,13446.333333333334,-571.0,-125.0,4.75,1654.9,33907.666666666664,60800.333333333336,2825.0,21.514626091059213,32891.333333333336,NIFTY
29000,2.35,2654.45,0.0,0.0,14251.666666666666,8092.0,-792.6666666666666,-35.0,2.35,2654.45,6159.666666666666,22343.666666666664,3825.0,5.839954695940059,38456.66666666667,NIFTY
30000,1.5,3637.8,0.0,0.0,8618.0,2858.6666666666665,-657.0,3.0,1.5,3637.8,5759.333333333334,11476.666666666666,4825.0,2.37809089653267,10866.999999999998,NIFTY
31000,1.35,4629.2,0.0,0.0,6163.666666666667,80.0,-188.0,2.0,1.35,4629.2,6083.666666666667,6243.666666666667,5825.0,1.0716901247282298,5232.999999999999,NIFTY
43500,,5.4,,0.0,,557.2857142857143,,64.0,,5.4,,,13600.0,,,BANKNIFTY
46500,0.0,5.25,0.0,0.0,0.0,563.0,0.0,199.0,0.0,5.25,-563.0,563.0,10600.0,0.0531081973398736,,BANKNIFTY
47000,0.0,6.2,0.0,0.0,0.0,411.0,0.0,16.0,0.0,6.2,-411.0,411.0,10100.0,0.04068904068904069,152.0,BANKNIFTY
47500,0.0,6.85,0.0,0.0,0.0,389.0,0.0,4.0,0.0,6.85,-389.0,389.0,9600.0,0.04051661285282783,22.0,BANKNIFTY
48000,0.0,7.15,0.0,0.0,2319.0,1484.0,0.0,3.0,0.0,7.15,835.0,3803.0,9100.0,0.41786616855290626,3414.0,BANKNIFTY
48500,0.0,7.35,0.0,0.0,3.0,118.0,0.0,-22.0,0.0,7.35,-115.0,121.0,8600.0,0.014068131612603186,3682.0,BANKNIFTY
49000,0.0,7.0,0.0,0.0,481.0,340.0,0.0,-45.0,0.0,7.0,141.0,821.0,8100.0,0.10134551289964203,700.0,BANKNIFTY
49500,0.0,7.0,0.0,0.0,12.0,107.0,0.0,-5.0,0.0,7.0,-95.0,119.0,7600.0,0.015655834758584397,702.0,BANKNIFTY
49600,0.0,7.5,0.0,0.0,0.0,57.0,0.0,41.0,0.0,7.5,-57.0,57.0,7500.0,0.007598986801759766,62.0,BANKNIFTY
49700,0.0,7.75,0.0,0.0,1.0,21.0,0.0,0.0,0.0,7.75,-20.0,22.0,7400.0,0.0029725712741521418,35.0,BANKNIFTY
49800,0.0,7.55,0.0,0.0,1.0,24.0,0.0,-2.0,0.0,7.55,-23.0,25.0,7300.0,0.003424188467333242,3.0,BANKNIFTY
49900,0.0,8.05,0.0,0.0,1.0,52.0,0.0,-1.0,0.0,8.05,-51.0,53.0,7200.0,0.007360088876544924,28.0,BANKNIFTY
50000,9972.8,7.5,0.0,0.0,2194.0,6835.0,138.0,-67.0,9972.8,7.5,-4641.0,9029.0,7100.0,1.2715110547810167,8976.0,BANKNIFTY
50100,0.0,8.55,0.0,0.0,1.0,91.0,0.0,22.0,0.0,8.55,-90.0,92.0,7000.0,0.013140979860019997,8937.0,BANKNIFTY
50200,0.0,8.0,0.0,0.0,1.0,22.0,0.0,7.0,0.0,8.0,-21.0,23.0,6900.0,0.003332850311549051,69.0,BANKNIFTY
50300,0.0,8.4,0.0,0.0,1.0,19.0,0.0,4.0,0.0,8.4,-18.0,20.0,6800.0,0.002940744008234083,3.0,BANKNIFTY
50400,0.0,7.45,0.0,0.0,1.0,16.0,0.0,1.0,0.0,7.45,-15.0,17.0,6700.0,0.002536934785852858,3.0,BANKNIFTY
50500,0.0,8.0,0.0,0.0,19.0,444.0,0.0,1.0,0.0,8.0,-425.0,463.0,6600.0,0.07014088774428116,446.0,BANKNIFTY
50600,0.0,8.3,0.0,0.0,1.0,10.0,0.0,0.0,0.0,8.3,-9.0,11.0,6500.0,0.001692047377326565,452.0,BANKNIFTY
50700,0.0,8.6,0.0,0.0,1.0,21.0,0.0,-3.0,0.0,8.6,-20.0,22.0,6400.0,0.003436962974535229,11.0,BANKNIFTY
50800,0.0,8.95,0.0,0.0,1.0,13.0,0.0,0.0,0.0,8.95,-12.0,14.0,6300.0,0.0022218695445167433,8.0,BANKNIFTY
50900,0.0,9.05,0.0,0.0,1.0,19.0,0.0,1.0,0.0,9.05,-18.0,20.0,6200.0,0.0032252862441541686,6.0,BANKNIFTY
51000,8940.0,10.0,0.0,0.0,648.4285714285714,2568.5714285714284,0.0,-45.714285714285715,8940.0,10.0,-1920.1428571428569,3217.0,6100.0,0.5272906080970333,3197.0,BANKNIFTY
51100,0.0,9.3,0.0,0.0,1.0,16.0,0.0,-7.0,0.0,9.3,-15.0,17.0,6000.0,0.0028328611898017,3200.0,BANKNIFTY
51200,0.0,9.25,0.0,0.0,1.0,27.0,0.0,-5.0,0.0,9.25,-26.0,28.0,5900.0,0.004744958481613286,11.0,BANKNIFTY
51300,0.0,8.7,0.0,0.0,1.0,22.0,0.0,0.0,0.0,8.7,-21.0,23.0,5800.0,0.0039648336493707985,5.0,BANKNIFTY
51400,0.0,10.0,0.0,0.0,1.0,83.0,0.0,9.0,0.0,10.0,-82.0,84.0,5700.0,0.014734257147868794,61.0,BANKNIFTY
51500,0.0,9.75,0.0,0.0,21.0,445.0,0.0,137.0,0.0,9.75,-424.0,466.0,5600.0,0.08319942867345118,382.0,BANKNIFTY
51600,0.0,9.9,0.0,0.0,1.0,18.0,0.0,-1.0,0.0,9.9,-17.0,19.0,5500.0,0.003453917469550991,447.0,BANKNIFTY
51700,0.0,10.1,0.0,0.0,1.0,18.0,0.0,-1.0,0.0,10.1,-17.0,19.0,5400.0,0.003517867061655249,0.0,BANKNIFTY
51800,0.0,10.5,0.0,0.0,3.0,85.0,0.0,58.0,0.0,10.5,-82.0,88.0,5300.0,0.01660064138841728,69.0,BANKNIFTY
51900,0.0,10.2,0.0,0.0,4.0,15.0,0.0,0.0,0.0,10.2,-11.0,19.0,5200.0,0.003653143626225726,69.0,BANKNIFTY
52000,8008.0,11.45,0.0,0.0,856.0,2264.0,-1.0,-89.0,8008.0,11.45,-1408.0,3120.0,5100.0,0.6116447755342089,3101.0,BANKNIFTY
52100,0.0,11.0,0.0,0.0,1.0,29.0,0.0,3.0,0.0,11.0,-28.0,30.0,5000.0,0.00599880023995201,3090.0,BANKNIFTY
52200,0.0,11.0,0.0,0.0,1.0,16.0,0.0,-5.0,0.0,11.0,-15.0,17.0,4900.0,0.0034686798612528057,13.0,BANKNIFTY
52300,0.0,10.0,0.0,0.0,1.0,47.0,0.0,-4.0,0.0,10.0,-46.0,48.0,4800.0,0.009997917100604041,31.0,BANKNIFTY
52400,0.0,10.85,0.0,0.0,1.0,48.0,0.0,1.0,0.0,10.85,-47.0,49.0,4700.0,0.010423314188470539,1.0,BANKNIFTY
52500,7550.0,11.2,0.0,0.0,28.0,1142.4285714285713,0.0,-31.0,7550.0,11.2,-1114.4285714285713,1170.4285714285713,4600.0,0.2543856925513087,1121.4285714285713,BANKNIFTY
52600,0.0,11.25,0.0,0.0,3.0,31.0,0.0,-1.0,0.0,11.25,-28.0,34.0,4500.0,0.007553876916240835,1136.4285714285713,BANKNIFTY
52700,0.0,11.35,0.0,0.0,1.0,28.0,0.0,-1.0,0.0,11.35,-27.0,29.0,4400.0,0.006589411497386958,5.0,BANKNIFTY
52800,0.0,11.55,0.0,0.0,2.0,24.0,0.0,1.0,0.0,11.55,-22.0,26.0,4300.0,0.006045105789351314,3.0,BANKNIFTY
52900,0.0,11.25,0.0,0.0,2.0,69.0,0.0,14.0,0.0,11.25,-67.0,71.0,4200.0,0.016900737919542965,45.0,BANKNIFTY
53000,6886.35,11.9,0.0,0.0,851.0,4264.0,-2.0,-71.0,6886.35,11.9,-3413.0,5115.0,4100.0,1.2472567666422825,5044.0,BANKNIFTY
53100,0.0,12.0,0.0,0.0,3.0,28.0,0.0,1.0,0.0,12.0,-25.0,31.0,4000.0,0.007748062984253936,5084.0,BANKNIFTY
53200,0.0,11.1,0.0,0.0,2.0,55.0,0.0,0.0,0.0,11.1,-53.0,57.0,3900.0,0.014611638041527814,26.0,BANKNIFTY
53300,0.0,10.2,0.0,0.0,2.0,75.0,0.0,-4.0,0.0,10.2,-73.0,77.0,3800.0,0.020257826887661142,20.0,BANKNIFTY
53400,0.0,13.05,0.0,0.0,2.0,43.0,0.0,0.0,0.0,13.05,-41.0,45.0,3700.0,0.012158875979465009,32.0,BANKNIFTY
53500,0.0,13.7,0.0,0.0,105.0,1896.0,0.0,266.0,0.0,13.7,-1791.0,2001.0,3600.0,0.5556789780616496,1956.0,BANKNIFTY
53600,0.0,13.0,0.0,0.0,30.0,50.0,0.0,0.0,0.0,13.0,-20.0,80.0,3500.0,0.022850614110254214,1921.0,BANKNIFTY
53700,0.0,13.85,0.0,0.0,3.0,44.0,0.0,-3.0,0.0,13.85,-41.0,47.0,3400.0,0.013819464863275507,33.0,BANKNIFTY
53800,0.0,13.05,0.0,0.0,4.0,37.0,0.0,11.0,0.0,13.05,-33.0,41.0,3300.0,0.012420478642835504,6.0,BANKNIFTY
53900,0.0,14.0,0.0,0.0,4.0,84.0,0.0,-15.0,0.0,14.0,-80.0,88.0,3200.0,0.027491408934707903,47.0,BANKNIFTY
54000,6020.0,14.45,0.0,0.0,1788.2857142857142,8642.0,8.0,-1.0,6020.0,14.45,-6853.714285714286,10430.285714285714,3100.0,3.363523287418805,10342.285714285714,BANKNIFTY
54100,0.0,15.45,0.0,0.0,4.0,56.0,0.0,3.0,0.0,15.45,-52.0,60.0,3000.0,0.019993335554815063,10370.285714285714,BANKNIFTY
54200,0.0,15.55,0.0,0.0,51.0,107.0,0.0,0.0,0.0,15.55,-56.0,158.0,2900.0,0.05446397793864185,98.0,BANKNIFTY
54300,0.0,15.75,0.0,0.0,4.0,57.0,0.0,-4.0,0.0,15.75,-53.0,61.0,2800.0,0.021777936451267403,97.0,BANKNIFTY
54400,0.0,16.6,0.0,0.0,135.0,90.0,0.0,-13.0,0.0,16.6,45.0,225.0,2700.0,0.08330248056275454,164.0,BANKNIFTY
54500,5508.0,16.2,0.0,0.0,250.0,2777.0,0.0,-192.0,5508.0,16.2,-2527.0,3027.0,2600.0,1.1637831603229527,2802.0,BANKNIFTY
54600,0.0,17.35,0.0,0.0,8.0,67.0,0.0,-6.0,0.0,17.35,-59.0,75.0,2500.0,0.029988004798080767,2952.0,BANKNIFTY
54700,0.0,14.45,0.0,0.0,53.0,135.0,0.0,-2.0,0.0,14.45,-82.0,188.0,2400.0,0.07830070803831737,113.0,BANKNIFTY
54800,0.0,18.1,0.0,0.0,30.0,132.0,0.0,24.0,0.0,18.1,-102.0,162.0,2300.0,0.07040417209908735,26.0,BANKNIFTY
54900,0.0,19.0,0.0,0.0,72.0,337.0,0.0,11.0,0.0,19.0,-265.0,409.0,2200.0,0.1858246251703771,247.0,BANKNIFTY
55000,4993.25,18.95,0.0,0.0,1784.0,12818.0,12.0,480.0,4993.25,18.95,-11034.0,14602.0,2100.0,6.950023798191338,14193.0,BANKNIFTY
55100,0.0,20.2,0.0,0.0,24.0,193.0,0.0,6.0,0.0,20.2,-169.0,217.0,2000.0,0.10844577711144428,14385.0,BANKNIFTY
55200,0.0,20.8,0.0,0.0,4.0,304.0,0.0,14.0,0.0,20.8,-300.0,308.0,1900.0,0.16201998947922147,91.0,BANKNIFTY
55300,0.0,22.25,0.0,0.0,21.0,167.0,0.0,-8.0,0.0,22.25,-146.0,188.0,1800.0,0.10438645197112716,120.0,BANKNIFTY
55400,0.0,22.95,0.0,0.0,113.0,151.0,0.0,10.0,0.0,22.95,-38.0,264.0,1700.0,0.15520282186948853,76.0,BANKNIFTY
55500,4430.35,23.25,0.0,0.0,2538.0,8180.857142857143,7.0,-201.0,4430.35,23.25,-5642.857142857143,10718.857142857143,1600.0,6.695101275988222,10454.857142857143,BANKNIFTY
55600,0.0,27.25,0.0,0.0,8.0,718.0,0.0,277.0,0.0,27.25,-710.0,726.0,1500.0,0.4836775483011326,9992.857142857143,BANKNIFTY
55700,0.0,24.25,0.0,0.0,8.0,485.0,0.0,18.0,0.0,24.25,-477.0,493.0,1400.0,0.3518915060670949,233.0,BANKNIFTY
55800,0.0,25.9,0.0,0.0,16.0,358.0,0.0,-62.0,0.0,25.9,-342.0,374.0,1300.0,0.28747117601844735,119.0,BANKNIFTY
55900,3839.3,28.0,0.0,0.0,15.0,181.0,0.0,-15.0,3839.3,28.0,-166.0,196.0,1200.0,0.16319733555370525,178.0,BANKNIFTY
56000,4032.0,29.6,0.0,0.0,2683.0,14509.0,7.0,813.0,4032.0,29.6,-11826.0,17192.0,1100.0,15.614895549500455,16996.0,BANKNIFTY
56100,0.0,30.45,0.0,0.0,10.0,1073.0,0.0,489.0,0.0,30.45,-1063.0,1083.0,1000.0,1.0819180819180818,16109.0,BANKNIFTY
56200,0.0,31.45,0.0,0.0,9.0,836.0,0.0,-139.0,0.0,31.45,-827.0,845.0,900.0,0.9378468368479467,238.0,BANKNIFTY
56300,0.0,34.5,0.0,0.0,11.0,744.0,0.0,-111.0,0.0,34.5,-733.0,755.0,800.0,0.9425717852684145,90.0,BANKNIFTY
56400,0.0,34.25,0.0,0.0,23.0,630.0,0.0,-89.0,0.0,34.25,-607.0,653.0,700.0,0.9315263908701854,102.0,BANKNIFTY
56500,3574.15,36.7,0.0,0.0,930.0,7574.0,2.0,-716.0,3574.15,36.7,-6644.0,8504.0,600.0,14.149750415973378,7851.0,BANKNIFTY
56600,0.0,39.95,0.0,0.0,22.0,1883.0,0.0,907.0,0.0,39.95,-1861.0,1905.0,500.0,3.802395209580838,6599.0,BANKNIFTY
56700,0.0,40.35,0.0,0.0,18.0,588.0,0.0,-316.0,0.0,40.35,-570.0,606.0,400.0,1.5112219451371571,1299.0,BANKNIFTY
56800,0.0,44.25,0.0,0.0,42.0,1298.0,0.0,77.0,0.0,44.25,-1256.0,1340.0,300.0,4.451827242524917,734.0,BANKNIFTY
56900,0.0,47.6,0.0,0.0,15.0,859.0,0.0,-82.0,0.0,47.6,-844.0,874.0,200.0,4.348258706467662,466.0,BANKNIFTY
57000,3109.25,50.0,0.0,0.0,3768.0,17724.0,11.0,1311.0,3109.25,50.0,-13956.0,21492.0,100.0,212.79207920792078,20618.0,BANKNIFTY
57100,2900.0,52.1,0.0,0.0,13.0,1488.0,0.0,299.0,2900.0,52.1,-1475.0,1501.0,0.0,1501.0,19991.0,BANKNIFTY
57200,2871.9,55.65,0.0,0.0,80.0,1802.0,-1.0,-221.0,2871.9,55.65,-1722.0,1882.0,100.0,18.633663366336634,381.0,BANKNIFTY
57300,2763.15,58.85,0.0,0.0,86.0,2397.0,-1.0,401.0,2763.15,58.85,-2311.0,2483.0,200.0,12.35323383084577,601.0,BANKNIFTY
57400,2640.65,63.9,0.0,0.0,153.0,1823.0,0.0,430.0,2640.65,63.9,-1670.0,1976.0,300.0,6.5647840531561465,507.0,BANKNIFTY
57500,2588.4,69.6,0.0,0.0,1743.0,15906.0,22.0,458.0,2588.4,69.6,-14163.0,17649.0,400.0,44.01246882793018,15673.0,BANKNIFTY
57600,2458.55,74.05,0.0,0.0,160.0,1585.0,-3.0,219.0,2458.55,74.05,-1425.0,1745.0,500.0,3.4830339321357284,15904.0,BANKNIFTY
57700,2365.2,80.9,0.0,0.0,274.0,2020.0,-4.0,223.0,2365.2,80.9,-1746.0,2294.0,600.0,3.8169717138103163,549.0,BANKNIFTY
57800,2352.8,88.0,0.0,0.0,236.0,3383.0,-1.0,819.0,2352.8,88.0,-3147.0,3619.0,700.0,5.16262482168331,1325.0,BANKNIFTY
57900,2180.0,93.65,0.0,0.0,212.0,1622.0,10.0,-199.0,2180.0,93.65,-1410.0,1834.0,800.0,2.2896379525593007,1785.0,BANKNIFTY
58000,2170.0,103.3,0.0,0.0,6140.0,27901.0,890.0,4379.0,2170.0,103.3,-21761.0,34041.0,900.0,37.781354051054386,32207.0,BANKNIFTY
58100,2068.3,111.0,0.0,0.0,280.0,1433.0,-12.0,-288.0,2068.3,111.0,-1153.0,1713.0,1000.0,1.7112887112887112,32328.0,BANKNIFTY
58200,1938.1,121.25,0.0,0.0,302.0,2628.0,-9.0,-147.0,1938.1,121.25,-2326.0,2930.0,1100.0,2.6612170753860127,1217.0,BANKNIFTY
58300,1892.0,132.0,0.0,0.0,350.0,2597.0,-2.0,785.0,1892.0,132.0,-2247.0,2947.0,1200.0,2.4537885095753538,17.0,BANKNIFTY
58400,1810.65,142.1,0.0,0.0,350.0,4361.0,-16.0,-473.0,1810.65,142.1,-4011.0,4711.0,1300.0,3.6210607225211375,1764.0,BANKNIFTY
58500,1726.0,155.15,0.0,0.0,23659.0,29656.0,-298.0,1419.0,1726.0,155.15,-5997.0,53315.0,1400.0,38.05496074232691,48604.0,BANKNIFTY
58600,1635.0,170.7,0.0,0.0,457.0,3154.0,41.0,701.0,1635.0,170.7,-2697.0,3611.0,1500.0,2.405729513657562,49704.0,BANKNIFTY
58700,1549.0,185.5,0.0,0.0,729.0,3623.0,113.0,909.0,1549.0,185.5,-2894.0,4352.0,1600.0,2.7183010618363523,741.0,BANKNIFTY
58800,1475.1,202.1,0.0,0.0,1783.0,4616.0,720.0,368.0,1475.1,202.1,-2833.0,6399.0,1700.0,3.761904761904762,2047.0,BANKNIFTY
58900,1370.05,220.5,0.0,0.0,844.0,4190.0,-82.0,802.0,1370.05,220.5,-3346.0,5034.0,1800.0,2.7951138256524155,1365.0,BANKNIFTY
59000,1309.9,239.0,0.0,0.0,17315.0,38468.0,-2089.0,5151.0,1309.9,239.0,-21153.0,55783.0,1900.0,29.344029458179904,50749.0,BANKNIFTY
59100,1235.0,264.1,0.0,0.0,1697.0,5640.0,-414.0,1281.0,1235.0,264.1,-3943.0,7337.0,2000.0,3.6666666666666665,48446.0,BANKNIFTY
59200,1161.35,286.0,0.0,0.0,2061.0,6515.0,-1372.0,-983.0,1161.35,286.0,-4454.0,8576.0,2100.0,4.081865778200857,1239.0,BANKNIFTY
59300,1081.8,312.0,0.0,0.0,2303.0,6030.0,-2425.0,1382.0,1081.8,312.0,-3727.0,8333.0,2200.0,3.786006360745116,243.0,BANKNIFTY
59400,1016.8,339.6,0.0,0.0,3831.0,5310.0,-2468.0,173.0,1016.8,339.6,-1479.0,9141.0,2300.0,3.9726205997392436,808.0,BANKNIFTY
59500,938.0,367.25,0.0,0.0,29189.0,47599.0,-6252.0,3506.0,938.0,367.25,-18410.0,76788.0,2400.0,31.98167430237401,67647.0,BANKNIFTY
59600,876.2,404.15,0.0,0.0,4996.0,5542.0,-1306.0,1495.0,876.2,404.15,-546.0,10538.0,2500.0,4.213514594162335,66250.0,BANKNIFTY
59700,815.0,437.3,0.0,0.0,7661.0,6928.0,770.0,2649.0,815.0,437.3,733.0,14589.0,2600.0,5.608996539792387,4051.0,BANKNIFTY
59800,752.0,475.05,0.0,0.0,8676.0,8396.0,-318.0,3163.0,752.0,475.05,280.0,17072.0,2700.0,6.3206219918548685,2483.0,BANKNIFTY
59900,695.0,519.9,0.0,0.0,6126.0,2969.0,-746.0,1437.0,695.0,519.9,3157.0,9095.0,2800.0,3.247054623348804,7977.0,BANKNIFTY
60000,636.25,563.25,0.0,0.0,36579.0,22362.0,-5141.0,5160.0,636.25,563.25,14217.0,58941.0,2900.0,20.317476732161325,49846.0,BANKNIFTY
60100,589.9,610.75,0.0,0.0,6417.0,3373.0,509.0,1066.0,589.9,610.75,3044.0,9790.0,3000.0,3.2622459180273244,49151.0,BANKNIFTY
60200,536.0,660.0,0.0,0.0,4516.0,1987.0,-196.0,120.0,536.0,660.0,2529.0,6503.0,3100.0,2.0970654627539504,3287.0,BANKNIFTY
60300,489.35,713.45,0.0,0.0,3027.0,1377.0,-486.0,-820.0,489.35,713.45,1650.0,4404.0,3200.0,1.3758200562324274,2099.0,BANKNIFTY
60400,442.05,767.8,0.0,0.0,3309.0,672.0,-980.0,129.0,442.05,767.8,2637.0,3981.0,3300.0,1.2059981823689792,423.0,BANKNIFTY
60500,402.9,820.05,0.0,0.0,12663.0,3076.0,-1753.0,-262.0,402.9,820.05,9587.0,15739.0,3400.0,4.627756542193472,11758.0,BANKNIFTY
60600,365.25,884.7,0.0,0.0,2824.0,725.0,167.0,-215.0,365.25,884.7,2099.0,3549.0,3500.0,1.0137103684661526,12190.0,BANKNIFTY
60700,329.15,951.7,0.0,0.0,3010.0,396.0,235.0,122.0,329.15,951.7,2614.0,3406.0,3600.0,0.9458483754512635,143.0,BANKNIFTY
60800,294.6,1019.4,0.0,0.0,3528.0,305.0,520.0,13.0,294.6,1019.4,3223.0,3833.0,3700.0,1.0356660362064307,427.0,BANKNIFTY
60900,263.25,1084.9,0.0,0.0,2691.0,732.0,650.0,63.0,263.25,1084.9,1959.0,3423.0,3800.0,0.9005524861878453,410.0,BANKNIFTY
61000,235.2,1150.15,0.0,0.0,21055.0,3565.0,480.0,111.0,235.2,1150.15,17490.0,24620.0,3900.0,6.311202255831838,21197.0,BANKNIFTY
61100,210.0,1222.5,0.0,0.0,1996.0,347.0,440.0,171.0,210.0,1222.5,1649.0,2343.0,4000.0,0.585603599100225,22277.0,BANKNIFTY
61200,186.35,1302.0,0.0,0.0,2824.0,134.0,695.0,7.0,186.35,1302.0,2690.0,2958.0,4100.0,0.7212874908558888,615.0,BANKNIFTY
61300,164.55,1407.55,0.0,0.0,2128.0,88.0,374.0,0.0,164.55,1407.55,2040.0,2216.0,4200.0,0.5274934539395382,742.0,BANKNIFTY
61400,146.75,1582.85,0.0,0.0,1416.0,100.0,-271.0,8.0,146.75,1582.85,1316.0,1516.0,4300.0,0.3524761683329458,700.0,BANKNIFTY
61500,130.15,1554.9,0.0,0.0,13856.0,607.0,-601.0,70.0,130.15,1554.9,13249.0,14463.0,4400.0,3.2862985685071573,12947.0,BANKNIFTY
61600,115.0,1753.7,0.0,0.0,1450.0,125.0,111.0,11.0,115.0,1753.7,1325.0,1575.0,4500.0,0.3499222395023328,12888.0,BANKNIFTY
61700,101.85,1840.7,0.0,0.0,1998.0,96.0,152.0,11.0,101.85,1840.7,1902.0,2094.0,4600.0,0.45511845251032385,519.0,BANKNIFTY
61800,88.95,1930.25,0.0,0.0,2315.0,122.0,-433.0,0.0,88.95,1930.25,2193.0,2437.0,4700.0,0.5184003403531163,343.0,BANKNIFTY
61900,78.9,2019.15,0.0,0.0,1273.0,10.0,98.0,0.0,78.9,2019.15,1263.0,1283.0,4800.0,0.26723599250156216,1154.0,BANKNIFTY
62000,69.75,1978.2,0.0,0.0,20951.0,2148.0,1359.0,133.0,69.75,1978.2,18803.0,23099.0,4900.0,4.713119771475209,21816.0,BANKNIFTY
62100,62.1,0.0,0.0,0.0,1378.0,6.0,-46.0,0.0,62.1,0.0,1372.0,1384.0,5000.0,0.276744651069786,21715.0,BANKNIFTY
62200,54.6,0.0,0.0,0.0,2364.0,3.0,124.0,0.0,54.6,0.0,2361.0,2367.0,5100.0,0.46402666143893356,983.0,BANKNIFTY
62300,49.45,0.0,0.0,0.0,2021.0,5.0,190.0,0.0,49.45,0.0,2016.0,2026.0,5200.0,0.3895404729859642,341.0,BANKNIFTY
62400,44.75,0.0,0.0,0.0,1248.0,4.0,-117.0,0.0,44.75,0.0,1244.0,1252.0,5300.0,0.23618185248066403,774.0,BANKNIFTY
62500,39.45,0.0,0.0,0.0,8952.0,10.0,1884.0,0.0,39.45,0.0,8942.0,8962.0,5400.0,1.6593223477133865,7710.0,BANKNIFTY
62600,37.4,0.0,0.0,0.0,1406.0,5.0,89.0,0.0,37.4,0.0,1401.0,1411.0,5500.0,0.25649881839665517,7551.0,BANKNIFTY
62700,32.0,0.0,0.0,0.0,751.0,5.0,165.0,0.0,32.0,0.0,746.0,756.0,5600.0,0.13497589716122121,655.0,BANKNIFTY
62800,29.15,0.0,0.0,0.0,696.0,4.0,91.0,0.0,29.15,0.0,692.0,700.0,5700.0,0.12278547623223995,56.0,BANKNIFTY
62900,28.0,0.0,0.0,0.0,769.0,2.0,163.0,0.0,28.0,0.0,767.0,771.0,5800.0,0.13290811928977764,71.0,BANKNIFTY
63000,26.6,2934.0,0.0,0.0,22835.0,1160.0,1704.0,-13.0,26.6,2934.0,21675.0,23995.0,5900.0,4.066259955939671,23224.0,BANKNIFTY
63100,22.0,0.0,0.0,0.0,705.0,2.0,83.0,0.0,22.0,0.0,703.0,707.0,6000.0,0.11781369771704715,23288.0,BANKNIFTY
63200,21.25,0.0,0.0,0.0,470.0,7.0,-21.0,0.0,21.25,0.0,463.0,477.0,6100.0,0.07818390427798722,230.0,BANKNIFTY
63300,21.1,0.0,0.0,0.0,494.0,1.0,14.0,0.0,21.1,0.0,493.0,495.0,6200.0,0.07982583454281568,18.0,BANKNIFTY
63400,19.25,0.0,0.0,0.0,208.0,0.0,23.0,0.0,19.25,0.0,208.0,208.0,6300.0,0.033010633232820184,287.0,BANKNIFTY
63500,17.4,3435.0,0.0,0.0,5222.0,3.0,2.0,0.0,17.4,3435.0,5219.0,5225.0,6400.0,0.8162787064521169,5017.0,BANKNIFTY
63600,18.05,0.0,0.0,0.0,335.0,0.0,-35.0,0.0,18.05,0.0,335.0,335.0,6500.0,0.0515305337640363,4890.0,BANKNIFTY
63700,16.8,0.0,0.0,0.0,249.0,0.0,-27.0,0.0,16.8,0.0,249.0,249.0,6600.0,0.037721557339797,86.0,BANKNIFTY
63800,16.75,0.0,0.0,0.0,209.0,0.0,28.0,0.0,16.75,0.0,209.0,209.0,6700.0,0.031189374720191017,40.0,BANKNIFTY
63900,15.0,0.0,0.0,0.0,260.0,0.0,-17.0,0.0,15.0,0.0,260.0,260.0,6800.0,0.03822967210704308,51.0,BANKNIFTY
64000,14.15,3936.7,0.0,0.0,13350.0,540.0,-2558.0,4.0,14.15,3936.7,12810.0,13890.0,6900.0,2.012751775105057,13630.0,BANKNIFTY
64100,13.9,0.0,0.0,0.0,233.0,1.0,-26.0,0.0,13.9,0.0,232.0,234.0,7000.0,0.033423796600485646,13656.0,BANKNIFTY
64200,13.35,0.0,0.0,0.0,73.0,2.0,12.0,0.0,13.35,0.0,71.0,75.0,7100.0,0.010561892691170258,159.0,BANKNIFTY
64300,12.75,0.0,0.0,0.0,45.0,1.0,-144.0,0.0,12.75,0.0,44.0,46.0,7200.0,0.006388001666435218,29.0,BANKNIFTY
64400,11.45,0.0,0.0,0.0,66.0,0.0,23.0,0.0,11.45,0.0,66.0,66.0,7300.0,0.009039857553759759,20.0,BANKNIFTY
64500,11.7,0.0,0.0,0.0,3400.0,34.0,-191.0,0.0,11.7,0.0,3366.0,3434.0,7400.0,0.46399135251992973,3368.0,BANKNIFTY
64600,12.5,0.0,0.0,0.0,68.0,0.0,8.0,0.0,12.5,0.0,68.0,68.0,7500.0,0.009065457938941474,3366.0,BANKNIFTY
64700,12.2,0.0,0.0,0.0,85.0,0.0,14.0,0.0,12.2,0.0,85.0,85.0,7600.0,0.011182739113274569,17.0,BANKNIFTY
64800,9.9,0.0,0.0,0.0,39.0,0.0,11.0,0.0,9.9,0.0,39.0,39.0,7700.0,0.00506427736657577,46.0,BANKNIFTY
65000,10.85,4950.0,0.0,0.0,10779.0,713.0,368.0,2.0,10.85,4950.0,10066.0,11492.0,7900.0,1.4544994304518415,11453.0,BANKNIFTY
65500,9.0,0.0,0.0,0.0,641.0,1.0,-65.0,0.0,9.0,0.0,640.0,642.0,8400.0,0.07641947387215807,10850.0,BANKNIFTY
66000,7.6,6275.0,0.0,0.0,2567.0,262.0,-48.0,0.0,7.6,6275.0,2305.0,2829.0,8900.0,0.3178294573643411,2187.0,BANKNIFTY
66500,5.45,0.0,0.0,0.0,3446.0,0.0,81.0,0.0,5.45,0.0,3446.0,3446.0,9400.0,0.3665567492819913,617.0,BANKNIFTY
67000,5.0,0.0,0.0,0.0,7532.0,238.0,673.0,0.0,5.0,0.0,7294.0,7770.0,9900.0,0.7847692152307848,4324.0,BANKNIFTY
67500,5.25,0.0,0.0,0.0,646.0,0.0,168.0,0.0,5.25,0.0,646.0,646.0,10400.0,0.06210941255648495,7124.0,BANKNIFTY
